SELECT distinct name, expires, serial FROM ndbinfo.certificates order by name;
name	expires	serial
NDB Data Node Mar 2023	19-Apr-2024	B7:15:32:D5:AE:FF:C7:E1:E2:4A
NDB Management Node Mar 2023	19-Apr-2024	20:70:03:B8:BE:5F:C7:FB:A8:3E
NDB Node Mar 2023	19-Apr-2024	7B:A8:13:FB:D8:42:8E:A3:C9:06
SELECT node_id, remote_node_id, encrypted from ndbinfo.transporters
WHERE status = 'CONNECTED' ORDER BY node_id, remote_node_id;
node_id	remote_node_id	encrypted
1	2	1
1	3	1
1	16	1
1	32	1
1	48	1
1	49	1
1	63	1
1	127	1
2	1	1
2	3	1
2	16	1
2	32	1
2	48	1
2	49	1
2	63	1
2	127	1
Use test;
CREATE TABLE t (i int primary key not null, j int) engine = ndb;
INSERT INTO t VALUES(1, 1);
SELECT * FROM t;
i	j
1	1
DROP TABLE t;
